Date,Actual,Prediction,Error,Error_Abs,Error_Pct
2022-01-03,477.71,470.42069574594495,-7.2893042540550255,7.2893042540550255,-1.5258847949708034
2022-01-04,477.55,469.6590873003006,-7.890912699699413,7.890912699699413,-1.6523741387706865
2022-01-05,468.38,478.4931833267212,10.113183326721185,10.113183326721185,2.159183425150772
2022-01-06,467.94,477.9718757796287,10.031875779628706,10.031875779628706,2.143838051807647
2022-01-07,466.09,469.6217883300781,3.531788330078143,3.531788330078143,0.7577481452247727
2022-01-10,465.51,472.3109843766689,6.800984376668907,6.800984376668907,1.4609749257092024
2022-01-11,469.75,461.64527008652686,-8.104729913473136,8.104729913473136,-1.72532834773244
2022-01-12,471.02,465.485062097311,-5.5349379026889665,5.5349379026889665,-1.175096153600477
2022-01-13,464.53,470.1366159713268,5.606615971326846,5.606615971326846,1.2069437864781276
2022-01-14,464.72,463.6521443402767,-1.0678556597233069,1.0678556597233069,-0.22978474344192348
2022-01-18,456.49,460.18441131353376,3.694411313533749,3.694411313533749,0.8093082682060392
2022-01-19,451.75,463.2258754122257,11.475875412225719,11.475875412225719,2.540315531206579
2022-01-20,446.75,463.42188817381856,16.67188817381856,16.67188817381856,3.731816043384121
2022-01-21,437.98,463.3877676939964,25.40776769399639,25.40776769399639,5.801125095665644
2022-01-24,439.84,464.0350382888317,24.19503828883171,24.19503828883171,5.500872655700189
2022-01-25,434.47,457.12823133111,22.65823133110996,22.65823133110996,5.215142893896001
2022-01-26,433.38,451.69253860712047,18.312538607120473,18.312538607120473,4.225515392293247
2022-01-27,431.24,457.5509354329109,26.310935432910867,26.310935432910867,6.101227954946403
2022-01-28,441.95,452.358458687067,10.408458687067025,10.408458687067025,2.3551213230155055
2022-01-31,449.91,454.93472174048424,5.02472174048421,5.02472174048421,1.1168281968580849
2022-02-01,452.95,441.1180171382427,-11.831982861757297,11.831982861757297,-2.6122050693801295
2022-02-02,457.35,439.2260426783561,-18.1239573216439,18.1239573216439,-3.9628200112919862
2022-02-03,446.6,435.97957472920416,-10.620425270795863,10.620425270795863,-2.378062084817703
2022-02-04,448.7,438.296009362936,-10.403990637063998,10.403990637063998,-2.31869637554357
2022-02-07,447.26,448.9911729812622,1.7311729812622048,1.7311729812622048,0.38706188375043704
2022-02-08,450.94,449.00537960410117,-1.9346203958988326,1.9346203958988326,-0.42901946953005554
2022-02-09,457.54,450.8621272587776,-6.677872741222416,6.677872741222416,-1.4595167070031942
2022-02-10,449.32,451.43055021882054,2.110550218820549,2.110550218820549,0.4697209603001311
2022-02-11,440.46,457.5808940219879,17.120894021987908,17.120894021987908,3.88704854515459
2022-02-14,439.02,460.19593114614486,21.175931146144876,21.175931146144876,4.823454773391845
2022-02-15,446.1,455.81707769989964,9.717077699899619,9.717077699899619,2.17822858101314
2022-02-16,446.6,456.9116549658775,10.311654965877494,10.311654965877494,2.3089240855077233
2022-02-17,437.06,462.28716710090634,25.227167100906343,25.227167100906343,5.772014620625622
2022-02-18,434.23,454.5700206983089,20.340020698308876,20.340020698308876,4.684158325843188
2022-02-22,429.57,459.8105786967277,30.24057869672771,30.24057869672771,7.039732452621856
2022-02-23,421.95,450.51612838387484,28.566128383874855,28.566128383874855,6.7700268714006056
2022-02-24,428.3,449.74626639962196,21.446266399621948,21.446266399621948,5.007300116652334
2022-02-25,437.75,448.0617016088962,10.311701608896215,10.311701608896215,2.3556143024320306
2022-02-28,436.63,439.29995575070376,2.669955750703764,2.669955750703764,0.6114915948752407
2022-03-01,429.98,443.1561845958233,13.176184595823258,13.176184595823258,3.0643715046800453
2022-03-02,437.89,442.5357994639873,4.645799463987316,4.645799463987316,1.0609512580756164
2022-03-03,435.71,441.0171132385731,5.307113238573095,5.307113238573095,1.2180379698820534
2022-03-04,432.17,438.50080248475075,6.330802484750734,6.330802484750734,1.4648870779440346
2022-03-07,419.43,444.3453790235519,24.915379023551907,24.915379023551907,5.940294929678828
2022-03-08,416.25,433.2016794836521,16.95167948365207,16.95167948365207,4.072475551628125
2022-03-09,427.41,438.8540539371967,11.444053937196657,11.444053937196657,2.677535372873039
2022-03-10,425.48,437.93201074957847,12.452010749578449,12.452010749578449,2.9265795688583363
2022-03-11,420.07,433.95113591074943,13.881135910749435,13.881135910749435,3.3044816127667853
2022-03-14,417.0,428.31746362447734,11.317463624477341,11.317463624477341,2.7140200538314967
2022-03-15,426.17,427.84151541829107,1.671515418291051,1.671515418291051,0.39221799241876504
2022-03-16,435.62,441.60193791151045,5.9819379115104425,5.9819379115104425,1.373200934647271
2022-03-17,441.07,442.2934088397026,1.2234088397025857,1.2234088397025857,0.27737294300283083
2022-03-18,444.52,440.2076869511604,-4.312313048839599,4.312313048839599,-0.970105518050841
2022-03-21,444.39,438.56222988486286,-5.8277701151371275,5.8277701151371275,-1.3114089234989823
2022-03-22,449.59,444.2753644311428,-5.31463556885717,5.31463556885717,-1.182107157378316
2022-03-23,443.8,447.9625186598301,4.162518659830084,4.162518659830084,0.9379266921654087
2022-03-24,450.49,461.2186148226261,10.72861482262607,10.72861482262607,2.3815433911132478
2022-03-25,452.69,449.2976075530052,-3.3923924469947906,3.3923924469947906,-0.749385329252864
2022-03-28,455.91,451.05720930218695,-4.852790697813077,4.852790697813077,-1.0644185689748147
2022-03-29,461.55,446.36811060786243,-15.181889392137577,15.181889392137577,-3.289327135118097
2022-03-30,458.7,447.2029296970367,-11.497070302963266,11.497070302963266,-2.50644654522853
2022-03-31,451.64,454.63172906994816,2.991729069948178,2.991729069948178,0.6624145491870025
2022-04-01,452.92,457.5518310296535,4.631831029653483,4.631831029653483,1.022659858176606
2022-04-04,456.8,450.8854830169677,-5.914516983032286,5.914516983032286,-1.294771668789905
2022-04-05,451.03,450.2596716225147,-0.7703283774852707,0.7703283774852707,-0.1707931573255151
2022-04-06,446.52,461.86298789858813,15.342987898588149,15.342987898588149,3.436125570766852
2022-04-07,448.77,454.54144940614697,5.771449406146985,5.771449406146985,1.2860595418916116
2022-04-08,447.57,454.29147255063054,6.721472550630551,6.721472550630551,1.501770125484405
2022-04-11,439.92,448.7312918794155,8.811291879415478,8.811291879415478,2.002930505413593
2022-04-12,438.29,449.48222340703006,11.192223407030042,11.192223407030042,2.5536114004494834
2022-04-13,443.31,454.0607949268818,10.750794926881781,10.750794926881781,2.4251189747314026
2022-04-14,437.79,449.8154029560089,12.025402956008861,12.025402956008861,2.746842768452651
2022-04-18,437.97,452.65881724953647,14.688817249536442,14.688817249536442,3.3538409593206016
2022-04-19,445.04,454.58545657157896,9.545456571578939,9.545456571578939,2.144853624748099
2022-04-20,444.71,443.21208036899566,-1.4979196310043221,1.4979196310043221,-0.3368306606562304
2022-04-21,438.06,443.7568841600418,5.6968841600418045,5.6968841600418045,1.3004803360365713
2022-04-22,426.04,455.27662896752355,29.23662896752353,29.23662896752353,6.862414084950598
2022-04-25,428.51,455.07531286835666,26.56531286835667,26.56531286835667,6.199461592111426
2022-04-26,416.1,450.8445665383339,34.744566538333856,34.744566538333856,8.35005203997449
2022-04-27,417.27,440.0703269958496,22.800326995849616,22.800326995849616,5.464166366105787
2022-04-28,427.81,443.4919104492664,15.681910449266411,15.681910449266411,3.665625031968961
2022-04-29,412.0,440.2572081828117,28.257208182811723,28.257208182811723,6.858545675439738
2022-05-02,414.48,439.9427834832668,25.462783483266776,25.462783483266776,6.143308116981947
2022-05-03,416.38,440.8011514985561,24.421151498556128,24.421151498556128,5.865111556404277
2022-05-04,429.06,436.2814259529114,7.221425952911375,7.221425952911375,1.6830806770408275
2022-05-05,413.81,437.75110020756716,23.94110020756716,23.94110020756716,5.785529641035055
2022-05-06,411.34,431.11075962185856,19.770759621858588,19.770759621858588,4.806427680716339
2022-05-09,398.17,437.1787436461448,39.00874364614481,39.00874364614481,9.797007219565716
2022-05-10,399.09,432.15585077762603,33.06585077762605,33.06585077762605,8.285311778703065
2022-05-11,392.75,426.127413495779,33.377413495779024,33.377413495779024,8.49838663164329
2022-05-12,392.34,421.50314898133274,29.163148981332768,29.163148981332768,7.433131717727677
2022-05-13,401.72,424.18235297799106,22.46235297799103,22.46235297799103,5.59154460270612
2022-05-16,400.09,414.5295059216022,14.439505921602233,14.439505921602233,3.609064440901356
2022-05-17,408.32,418.02545902609825,9.705459026098254,9.705459026098254,2.3769247223007084
2022-05-18,391.86,430.1791458415985,38.31914584159847,38.31914584159847,9.778784729647953
2022-05-19,389.46,425.25901830911636,35.79901830911638,35.79901830911638,9.191962796979505
2022-05-20,389.63,416.1257051670551,26.49570516705512,26.49570516705512,6.800222048367713
2022-05-23,396.92,411.8335138761997,14.913513876199659,14.913513876199659,3.7573097541569225
2022-05-24,393.89,417.944240694046,24.05424069404603,24.05424069404603,6.1068421879321715
2022-05-25,397.37,413.7549025428295,16.38490254282948,16.38490254282948,4.123336573679311
2022-05-26,405.31,417.8523981261253,12.542398126125306,12.542398126125306,3.094519781432806
2022-05-27,415.26,409.90172926306724,-5.358270736932752,5.358270736932752,-1.2903411686492203
2022-05-31,412.93,410.26290060043334,-2.6670993995666663,2.6670993995666663,-0.6458962534973643
2022-06-01,409.59,414.85123588085173,5.261235880851757,5.261235880851757,1.2845127763987785
2022-06-02,417.39,417.4498186099529,0.05981860995291299,0.05981860995291299,0.01433158675409401
2022-06-03,410.54,409.888225069046,-0.6517749309540477,0.6517749309540477,-0.1587603962961094
2022-06-06,411.79,421.36736949086185,9.577369490861827,9.577369490861827,2.3257897206978866
2022-06-07,415.74,414.31217444539067,-1.427825554609342,1.427825554609342,-0.3434419479985909
2022-06-08,411.22,415.9613543844223,4.741354384422266,4.741354384422266,1.1529970294300533
2022-06-09,401.44,425.20050598859785,23.760505988597856,23.760505988597856,5.918818749650721
2022-06-10,389.8,420.7427697861194,30.942769786119413,30.942769786119413,7.938114362780762
2022-06-13,375.0,417.91198165059086,42.91198165059086,42.91198165059086,11.443195106824229
2022-06-14,373.87,406.56556115388867,32.69556115388866,32.69556115388866,8.745168415194764
2022-06-15,379.2,413.0017408037185,33.80174080371853,33.80174080371853,8.913961182415225
2022-06-16,366.65,410.77893993139264,44.128939931392665,44.128939931392665,12.035712513675895
2022-06-17,365.86,406.9610812604427,41.1010812604427,41.1010812604427,11.234100820106788
2022-06-21,375.07,404.41965867638584,29.349658676385843,29.349658676385843,7.825114958910562
2022-06-22,374.39,397.85305555582045,23.46305555582046,23.46305555582046,6.2670091497690805
2022-06-23,378.06,398.2025665748119,20.142566574811894,20.142566574811894,5.327875621544701
2022-06-24,390.08,389.5428309416771,-0.5371690583228883,0.5371690583228883,-0.13770740830672895
2022-06-27,388.59,394.2415529108047,5.651552910804753,5.651552910804753,1.4543742532758828
2022-06-28,380.65,393.35902134418484,12.709021344184862,12.709021344184862,3.3387682501470803
2022-06-29,380.34,390.4377076947689,10.097707694768928,10.097707694768928,2.6549160474230766
2022-06-30,377.25,400.9494320273399,23.699432027339924,23.699432027339924,6.282155606982087
2022-07-01,381.24,397.43918449640273,16.199184496402722,16.199184496402722,4.2490778765089505
2022-07-05,381.96,397.7270573866367,15.767057386636736,15.767057386636736,4.127934178091093
2022-07-06,383.25,402.0955324470997,18.845532447099686,18.845532447099686,4.917294832902723
2022-07-07,388.99,402.0268700301647,13.036870030164664,13.036870030164664,3.351466626433755
2022-07-08,388.67,398.8587228941917,10.188722894191699,10.188722894191699,2.621432807829701
2022-07-11,384.23,398.5971910846233,14.3671910846233,14.3671910846233,3.739216376811623
2022-07-12,380.83,403.08741461992264,22.257414619922656,22.257414619922656,5.844448866928198
2022-07-13,378.83,401.1040892922878,22.27408929228784,22.27408929228784,5.879705749884603
2022-07-14,377.91,398.20177634239195,20.291776342391927,20.291776342391927,5.369473245585437
2022-07-15,385.13,402.9337934374809,17.80379343748092,17.80379343748092,4.622800986025736
2022-07-18,381.95,392.29238318443294,10.342383184432947,10.342383184432947,2.7077845750577163
2022-07-19,392.27,403.7530888497829,11.483088849782916,11.483088849782916,2.9273431182050413
2022-07-20,394.77,396.74839843630787,1.9783984363078844,1.9783984363078844,0.5011521737487358
2022-07-21,398.79,395.137237457037,-3.652762542963046,3.652762542963046,-0.9159614190333374
2022-07-22,395.09,399.9251327645778,4.83513276457785,4.83513276457785,1.2238054024596547
2022-07-25,395.57,392.38262772679326,-3.1873722732067336,3.1873722732067336,-0.8057669371304026
2022-07-26,390.89,395.09236981630323,4.202369816303246,4.202369816303246,1.075077340505832
2022-07-27,401.04,392.23494206786154,-8.805057932138482,8.805057932138482,-2.1955560373375427
2022-07-28,406.07,398.73873049139974,-7.331269508600258,7.331269508600258,-1.8054201267269827
2022-07-29,411.99,399.5973619174957,-12.392638082504334,12.392638082504334,-3.0079948742698446
2022-08-01,410.77,400.96736152291294,-9.802638477087044,9.802638477087044,-2.386405647220353
2022-08-02,408.06,387.21097799539564,-20.849022004604365,20.849022004604365,-5.109303044798404
2022-08-03,414.45,392.97684738516807,-21.473152614831918,21.473152614831918,-5.181120186954257
2022-08-04,414.17,393.73757779479024,-20.432422205209775,20.432422205209775,-4.933341913999028
2022-08-05,413.47,403.7784465301037,-9.691553469896348,9.691553469896348,-2.343955660603272
2022-08-08,412.99,398.15715455174444,-14.832845448255568,14.832845448255568,-3.591574965073142
2022-08-09,411.35,397.9423518192768,-13.407648180723243,13.407648180723243,-3.2594258370543923
2022-08-10,419.99,406.9888623201847,-13.001137679815315,13.001137679815315,-3.095582675734021
2022-08-11,419.99,397.3920515227318,-22.597948477268233,22.597948477268233,-5.38059203249321
2022-08-12,427.1,396.7190895938873,-30.38091040611272,30.38091040611272,-7.113301429668162
2022-08-15,428.86,404.0237697947025,-24.83623020529751,24.83623020529751,-5.791220959123609
2022-08-16,429.7,402.31447950959205,-27.38552049040794,27.38552049040794,-6.37317209457946
2022-08-17,426.65,408.540597821474,-18.109402178525954,18.109402178525954,-4.244556938597435
2022-08-18,427.89,408.6921117174625,-19.197888282537463,19.197888282537463,-4.486641025155405
2022-08-19,422.14,402.40802546739576,-19.731974532604227,19.731974532604227,-4.67427264239452
2022-08-22,413.35,417.5175327479839,4.167532747983898,4.167532747983898,1.008233397359114
2022-08-23,412.35,414.0648668193817,1.7148668193816548,1.7148668193816548,0.4158765173715665
2022-08-24,413.67,410.40143712401385,-3.268562875986163,3.268562875986163,-0.7901377610138909
2022-08-25,419.51,400.8881275522709,-18.621872447729118,18.621872447729118,-4.438957938482782
2022-08-26,405.31,406.5850711143017,1.2750711143016815,1.2750711143016815,0.31459157541182836
2022-08-29,402.63,405.7332532477379,3.1032532477378822,3.1032532477378822,0.7707456592250658
2022-08-30,398.21,399.25347032904625,1.0434703290462721,1.0434703290462721,0.26204021221121326
2022-08-31,395.18,396.0226138603687,0.842613860368715,0.842613860368715,0.21322279983013184
2022-09-01,396.42,405.17373357295986,8.753733572959845,8.753733572959845,2.208196754189961
2022-09-02,392.24,398.9679154539108,6.727915453910782,6.727915453910782,1.7152548067282232
2022-09-06,390.76,399.3796792268753,8.619679226875292,8.619679226875292,2.2058755314963894
2022-09-07,397.78,386.6046238791942,-11.175376120805765,11.175376120805765,-2.809436402233839
2022-09-08,400.38,393.2753796327114,-7.1046203672885895,7.1046203672885895,-1.774469345943501
2022-09-09,406.6,401.34467116236686,-5.255328837633158,5.255328837633158,-1.2925058626741657
2022-09-12,410.97,396.9026166832447,-14.067383316755354,14.067383316755354,-3.4229708535307575
2022-09-13,393.1,398.60900944948196,5.509009449481937,5.509009449481937,1.4014269777364377
2022-09-14,394.6,399.89023961305617,5.290239613056144,5.290239613056144,1.340658797023858
2022-09-15,390.12,397.9835492694378,7.863549269437783,7.863549269437783,2.0156744769398607
2022-09-16,385.56,404.18034117817876,18.620341178178762,18.620341178178762,4.829427632062133
2022-09-19,388.55,402.61532977223396,14.065329772233952,14.065329772233952,3.619953615296346
2022-09-20,384.09,397.0411005246639,12.9511005246639,12.9511005246639,3.371892141077326
2022-09-21,377.39,394.15183519005774,16.761835190057752,16.761835190057752,4.441515458824492
2022-09-22,374.22,396.01585298299784,21.795852982997815,21.795852982997815,5.824342093687621
2022-09-23,367.95,390.1485528719425,22.198552871942525,22.198552871942525,6.0330351601963645
2022-09-26,364.31,396.07480432152744,31.764804321527436,31.764804321527436,8.71916892798096
2022-09-27,363.38,390.1091290545463,26.72912905454632,26.72912905454632,7.355696255860619
2022-09-28,370.53,385.0860078966617,14.556007896661754,14.556007896661754,3.928428979208635
2022-09-29,362.79,387.4352635169029,24.6452635169029,24.6452635169029,6.793258776951652
2022-09-30,357.18,384.23698218464847,27.05698218464846,27.05698218464846,7.5751671943133605
2022-10-03,366.61,387.36447625279425,20.754476252794234,20.754476252794234,5.66118661596635
2022-10-04,377.97,379.8245702016353,1.8545702016352834,1.8545702016352834,0.49066597921403377
2022-10-05,377.09,380.0229009783268,2.9329009783268134,2.9329009783268134,0.7777721441371591
2022-10-06,373.2,377.1147578692436,3.9147578692436014,3.9147578692436014,1.0489704901510186
2022-10-07,362.79,379.5247384607792,16.73473846077917,16.73473846077917,4.612789343912227
2022-10-10,360.02,383.82105652093884,23.801056520938857,23.801056520938857,6.611037309299167
2022-10-11,357.74,376.28917571902275,18.54917571902274,18.54917571902274,5.185099714603551
2022-10-12,356.56,375.2863883388042,18.726388338804213,18.726388338804213,5.251959933476613
2022-10-13,365.97,376.4499265539646,10.47992655396456,10.47992655396456,2.8636026324465282
2022-10-14,357.63,375.26366476655005,17.633664766550055,17.633664766550055,4.930700658935228
2022-10-17,366.82,373.5715313053131,6.751531305313108,6.751531305313108,1.8405570321446783
2022-10-18,371.13,377.7256075298786,6.595607529878578,6.595607529878578,1.7771690593265375
2022-10-19,368.5,364.6097688412666,-3.8902311587333998,3.8902311587333998,-1.0556936658706648
2022-10-20,365.41,373.75630520582195,8.34630520582192,8.34630520582192,2.284093266692734
2022-10-21,374.29,372.4383555757999,-1.851644424200117,1.851644424200117,-0.4947084945363534
2022-10-24,378.87,377.0995502853393,-1.7704497146606855,1.7704497146606855,-0.46729741459093765
2022-10-25,384.92,372.8213900101185,-12.098609989881538,12.098609989881538,-3.1431492231844373
2022-10-26,382.02,372.8987625443935,-9.12123745560649,9.12123745560649,-2.3876334892431
2022-10-27,379.98,379.42955935597416,-0.5504406440258549,0.5504406440258549,-0.1448604252923456
2022-10-28,389.02,375.52061322808265,-13.49938677191733,13.49938677191733,-3.470100964453583
2022-10-31,386.21,369.1297402369976,-17.080259763002402,17.080259763002402,-4.422531721861786
2022-11-01,384.52,373.4226866388321,-11.097313361167892,11.097313361167892,-2.8860172061707825
2022-11-02,374.87,376.7121432316303,1.8421432316303026,1.8421432316303026,0.4914085500654367
2022-11-03,371.01,373.4364015614986,2.426401561498608,2.426401561498608,0.6539989653913932
2022-11-04,376.35,378.4512340593338,2.1012340593337626,2.1012340593337626,0.5583191336080146
2022-11-07,379.95,374.09833535790443,-5.851664642095557,5.851664642095557,-1.5401143945507452
2022-11-08,382.0,380.271999797821,-1.7280002021789755,1.7280002021789755,-0.4523560738688418
2022-11-09,374.13,376.04411586523054,1.9141158652305421,1.9141158652305421,0.5116178508086874
2022-11-10,394.69,375.2955725955963,-19.3944274044037,19.3944274044037,-4.913838051231017
2022-11-11,398.51,370.8615433657169,-27.648456634283093,27.648456634283093,-6.937958052315649
2022-11-14,395.12,375.1490635049343,-19.9709364950657,19.9709364950657,-5.0543977766414505
2022-11-15,398.49,371.4980843603611,-26.991915639638933,26.991915639638933,-6.773549057602181
2022-11-16,395.45,382.5509774148464,-12.899022585153602,12.899022585153602,-3.261859295777874
2022-11-17,394.24,382.0147432553768,-12.22525674462321,12.22525674462321,-3.1009681271872993
2022-11-18,396.03,374.19131937265394,-21.838680627346037,21.838680627346037,-5.514400582619003
2022-11-21,394.59,374.20029290080066,-20.389707099199313,20.389707099199313,-5.1673147062012
2022-11-22,399.9,372.96549328207965,-26.93450671792033,26.93450671792033,-6.735310507106859
2022-11-23,402.42,379.40929428458213,-23.010705715417885,23.010705715417885,-5.718082032557499
2022-11-25,402.33,379.2076796531677,-23.122320346832282,23.122320346832282,-5.747103210506868
2022-11-28,395.91,383.911810324192,-11.998189675808021,11.998189675808021,-3.0305346356010254
2022-11-29,395.23,383.07702635645865,-12.152973643541372,12.152973643541372,-3.0749117333050053
2022-11-30,407.68,376.7641054034233,-30.91589459657672,30.91589459657672,-7.583372889662657
2022-12-01,407.38,384.99188243508337,-22.388117564916627,22.388117564916627,-5.495634926829158
2022-12-02,406.91,387.07293317198753,-19.837066828012496,19.837066828012496,-4.875050214546827
2022-12-05,399.59,393.6567984807491,-5.933201519250872,5.933201519250872,-1.484822322693479
2022-12-06,393.83,383.3158521544933,-10.51414784550667,10.51414784550667,-2.669717351523924
2022-12-07,393.16,380.2848366844654,-12.875163315534621,12.875163315534621,-3.274789733323487
2022-12-08,396.24,381.0854474902153,-15.154552509784708,15.154552509784708,-3.824589266551763
2022-12-09,393.28,378.7849579906463,-14.495042009353654,14.495042009353654,-3.6856799250797536
2022-12-12,398.95,374.2567681777477,-24.6932318222523,24.6932318222523,-6.189555538852563
2022-12-13,401.97,384.3259096729755,-17.644090327024514,17.644090327024514,-4.389404763296891
2022-12-14,399.4,379.3429498827457,-20.057050117254278,20.057050117254278,-5.02179522214679
2022-12-15,389.63,384.10025441527364,-5.529745584726356,5.529745584726356,-1.4192299321731787
2022-12-16,383.27,382.8005152523517,-0.4694847476482664,0.4694847476482664,-0.12249452022027982
2022-12-19,380.02,379.31706538081164,-0.7029346191883405,0.7029346191883405,-0.1849730590990844
2022-12-20,380.54,388.39522029995913,7.8552202999591145,7.8552202999591145,2.064229857560076
2022-12-21,386.23,380.6947741425037,-5.5352258574963,5.5352258574963,-1.433142391190819
2022-12-22,380.72,383.61621071696277,2.8962107169627416,2.8962107169627416,0.7607193520074442
2022-12-23,382.91,384.878088966608,1.9680889666079793,1.9680889666079793,0.5139821280739545
2022-12-27,381.4,383.80189777493473,2.4018977749347528,2.4018977749347528,0.6297582000353311
2022-12-28,376.66,386.75044810175893,10.09044810175891,10.09044810175891,2.6789274416606244
2022-12-29,383.44,387.7008518528938,4.260851852893779,4.260851852893779,1.1112173620106873
2022-12-30,382.43,371.8751305890083,-10.554869410991728,10.554869410991728,-2.759948071801827
2023-01-03,380.82,375.6131757855415,-5.206824214458493,5.206824214458493,-1.36726648139764
2023-01-04,383.76,380.7018335521221,-3.058166447877909,3.058166447877909,-0.7968955722008311
2023-01-05,379.38,378.4326372563839,-0.947362743616111,0.947362743616111,-0.2497134123085326
2023-01-06,388.08,386.15698355436325,-1.9230164456367334,1.9230164456367334,-0.49552062606594866
2023-01-09,387.86,383.00860978960986,-4.85139021039015,4.85139021039015,-1.2508096247074072
2023-01-10,390.58,381.82247092723844,-8.757529072761542,8.757529072761542,-2.2421857424244824
2023-01-11,395.52,379.8408665502071,-15.679133449792857,15.679133449792857,-3.964182203123194
2023-01-12,396.96,384.7539522337913,-12.206047766208656,12.206047766208656,-3.0748810374366826
2023-01-13,398.5,384.78529811978336,-13.714701880216637,13.714701880216637,-3.441581400305304
2023-01-17,397.77,391.6870124685764,-6.082987531423555,6.082987531423555,-1.5292725774753138
2023-01-18,391.49,388.44948292613026,-3.0405170738697507,3.0405170738697507,-0.7766525515006132
2023-01-19,388.64,390.41280659317965,1.7728065931796664,1.7728065931796664,0.45615649268723407
2023-01-20,395.88,390.1945268380642,-5.685473161935818,5.685473161935818,-1.4361607461695003
2023-01-23,400.63,384.2197199964523,-16.41028000354771,16.41028000354771,-4.096118614069768
2023-01-24,400.2,380.98809085607525,-19.211909143924743,19.211909143924743,-4.800576997482445
2023-01-25,400.35,392.0053707695007,-8.344629230499322,8.344629230499322,-2.0843335157985066
2023-01-26,404.75,387.2908090305328,-17.459190969467215,17.459190969467215,-4.313574050516915
2023-01-27,405.68,383.42093550562856,-22.259064494371444,22.259064494371444,-5.486852813639184
2023-01-30,400.59,388.75890282034874,-11.831097179651238,11.831097179651238,-2.9534180033578568
2023-01-31,406.48,391.90666195988655,-14.57333804011347,14.57333804011347,-3.5852534048694817
2023-02-01,410.8,387.213208206892,-23.586791793108034,23.586791793108034,-5.741672783132433
2023-02-02,416.78,390.0059598219394,-26.774040178060545,26.774040178060545,-6.424022308666574
2023-02-03,412.35,393.1564759945869,-19.19352400541311,19.19352400541311,-4.654668123053986
2023-02-06,409.83,394.11369330525395,-15.716306694746038,15.716306694746038,-3.834835589084752
2023-02-07,415.19,393.1763547301292,-22.01364526987078,22.01364526987078,-5.302065384491625
2023-02-08,410.65,391.662023563385,-18.987976436614986,18.987976436614986,-4.623883218462191
2023-02-09,407.09,390.33536381602283,-16.75463618397714,16.75463618397714,-4.115708119574822
2023-02-10,408.04,388.96968414783476,-19.070315852165265,19.070315852165265,-4.673638822704946
2023-02-13,412.83,391.81397647738453,-21.016023522615455,21.016023522615455,-5.090721004436562
2023-02-14,412.64,395.93438880085944,-16.70561119914055,16.70561119914055,-4.048471112626151
2023-02-15,413.98,396.5933899569511,-17.386610043048904,17.386610043048904,-4.199867153739046
2023-02-16,408.28,395.14419150233266,-13.135808497667313,13.135808497667313,-3.2173529189936594
2023-02-17,407.26,393.46835438966747,-13.791645610332523,13.791645610332523,-3.386447382589138
2023-02-21,399.09,396.0069321370125,-3.083067862987491,3.083067862987491,-0.7725244588908495
2023-02-22,398.54,401.2093482506275,2.669348250627479,2.669348250627479,0.6697817661031462
2023-02-23,400.66,399.90400721788404,-0.7559927821159818,0.7559927821159818,-0.18868686220635494
2023-02-24,396.38,400.40615601897235,4.026156018972358,4.026156018972358,1.0157313736748468
2023-02-27,397.73,400.66563322424884,2.935633224248818,2.935633224248818,0.7380970065745148
2023-02-28,396.26,393.60257097601885,-2.6574290239811376,2.6574290239811376,-0.6706276242823241
2023-03-01,394.74,394.4585682940483,-0.28143170595171796,0.28143170595171796,-0.07129546181074073
2023-03-02,397.81,390.2269088065624,-7.58309119343761,7.58309119343761,-1.906209294245396
2023-03-03,404.19,393.4386767721176,-10.75132322788238,10.75132322788238,-2.6599676458800023
2023-03-06,404.47,396.3322444832325,-8.137755516767527,8.137755516767527,-2.01195527894962
2023-03-07,398.27,399.334829146862,1.064829146861996,1.064829146861996,0.2673636344344279
2023-03-08,398.92,399.07294612288473,0.152946122884714,0.152946122884714,0.038340048853081815
2023-03-09,391.56,399.3276116907596,7.767611690759622,7.767611690759622,1.9837602642659165
2023-03-10,385.91,393.2005358421802,7.290535842180191,7.290535842180191,1.889180337949312
2023-03-13,385.36,387.8551403427124,2.495140342712375,2.495140342712375,0.6474829620906101
2023-03-14,391.73,391.53976582765574,-0.19023417234427598,0.19023417234427598,-0.04856257430992673
2023-03-15,389.28,389.5144879388809,0.23448793888093178,0.23448793888093178,0.06023631804380697
2023-03-16,396.11,394.9087022411823,-1.2012977588177023,1.2012977588177023,-0.3032737771875747
2023-03-17,389.99,389.46041848063464,-0.5295815193653652,0.5295815193653652,-0.13579361505817206
2023-03-20,393.74,389.8720417678356,-3.867958232164426,3.867958232164426,-0.9823635475604272
2023-03-21,398.91,389.99884773015975,-8.911152269840272,8.911152269840272,-2.233875377864749
2023-03-22,392.11,383.0047991132736,-9.105200886726436,9.105200886726436,-2.3221037175094836
2023-03-23,393.17,393.2422249925136,0.07222499251361114,0.07222499251361114,0.01836991441707433
2023-03-24,395.75,389.01430593848227,-6.735694061517734,6.735694061517734,-1.7020073434030911
2023-03-27,396.49,386.84139507293696,-9.648604927063047,9.648604927063047,-2.4335052402489463
2023-03-28,395.6,388.808582098484,-6.791417901516013,6.791417901516013,-1.7167385999787697
2023-03-29,401.35,393.5107284080982,-7.83927159190182,7.83927159190182,-1.9532257610319719
2023-03-30,403.7,393.8620481812954,-9.837951818704596,9.837951818704596,-2.4369462023048296
2023-03-31,409.39,392.49354123711583,-16.89645876288415,16.89645876288415,-4.127228013113206
2023-04-03,410.95,393.60915624618525,-17.340843753814738,17.340843753814738,-4.219696740190957
2023-04-04,408.67,399.99119619488715,-8.678803805112864,8.678803805112864,-2.123670395456692
2023-04-05,407.6,399.60075113654136,-7.999248863458661,7.999248863458661,-1.9625242550192983
2023-04-06,409.19,392.7295924413204,-16.460407558679606,16.460407558679606,-4.022680798328309
2023-04-10,409.61,400.4854953539371,-9.124504646062917,9.124504646062917,-2.227607882147144
2023-04-11,409.72,393.78111082077027,-15.938889179229761,15.938889179229761,-3.8901906617274626
2023-04-12,408.05,398.5401187431812,-9.509881256818801,9.509881256818801,-2.3305676404408286
2023-04-13,413.47,395.77010826110836,-17.699891738891665,17.699891738891665,-4.280816441069887
2023-04-14,412.46,401.3252138841152,-11.134786115884765,11.134786115884765,-2.699603868468401
2023-04-17,413.94,404.61407341241835,-9.325926587581648,9.325926587581648,-2.2529657891437522
2023-04-18,414.21,412.44696252346034,-1.7630374765396368,1.7630374765396368,-0.42563855931523553
2023-04-19,414.14,402.5170951020717,-11.622904897928265,11.622904897928265,-2.806515887846686
2023-04-20,411.88,400.9562982690334,-10.92370173096657,10.92370173096657,-2.6521563880175223
2023-04-21,412.2,402.18101803421973,-10.018981965780256,10.018981965780256,-2.430611830611416
2023-04-24,412.63,409.6213548004627,-3.008645199537284,3.008645199537284,-0.7291387440412195
2023-04-25,406.08,403.8650033211708,-2.214996678829209,2.214996678829209,-0.5454582049914325
2023-04-26,404.36,408.6872825193405,4.327282519340486,4.327282519340486,1.070155930195985
2023-04-27,412.41,406.17123517632484,-6.238764823675183,6.238764823675183,-1.5127578923098814
2023-04-28,415.93,401.216056445837,-14.713943554162995,14.713943554162995,-3.5376009314459154
2023-05-01,415.51,400.9577031266689,-14.552296873331102,14.552296873331102,-3.5022735610048135
2023-05-02,410.84,401.02692748665805,-9.813072513341922,9.813072513341922,-2.3885387287853965
2023-05-03,408.02,400.51641978263854,-7.503580217361446,7.503580217361446,-1.8390226502037759
2023-05-04,405.13,399.1922712182998,-5.937728781700173,5.937728781700173,-1.4656354211488098
2023-05-05,412.63,407.209705940485,-5.420294059515015,5.420294059515015,-1.3135966991045283
2023-05-08,412.74,400.57024339079857,-12.169756609201443,12.169756609201443,-2.94852851897113
2023-05-09,410.93,404.25932929873466,-6.670670701265351,6.670670701265351,-1.6233107101611834
2023-05-10,412.85,400.69680350303645,-12.153196496963574,12.153196496963574,-2.9437317420282363
2023-05-11,412.13,399.20126230716704,-12.928737692832954,12.928737692832954,-3.1370532824188855
2023-05-12,411.59,405.52765233278274,-6.062347667217239,6.062347667217239,-1.4729093678702687
2023-05-15,413.01,396.77152590513225,-16.23847409486774,16.23847409486774,-3.931738721790693
2023-05-16,410.25,402.74196012735365,-7.50803987264635,7.50803987264635,-1.8301133144780866
2023-05-17,415.23,407.8409435975551,-7.389056402444908,7.389056402444908,-1.7795092846000788
2023-05-18,419.23,404.0348506093025,-15.195149390697509,15.195149390697509,-3.6245376978502275
2023-05-19,418.62,400.8211685252189,-17.798831474781082,17.798831474781082,-4.251787175667928
2023-05-22,418.79,403.3315964376926,-15.45840356230741,15.45840356230741,-3.691206466798971
2023-05-23,414.09,408.49232340097427,-5.597676599025704,5.597676599025704,-1.3518019268820074
2023-05-24,411.09,412.5644437432289,1.4744437432289033,1.4744437432289033,0.3586668961125066
2023-05-25,414.65,410.81119897484774,-3.838801025152236,3.838801025152236,-0.9257930845658353
2023-05-26,420.02,405.2289620387554,-14.79103796124457,14.79103796124457,-3.521508014200412
2023-05-30,420.18,410.2306591176986,-9.949340882301385,9.949340882301385,-2.367875882312672
2023-05-31,417.85,409.3248771572113,-8.525122842788733,8.525122842788733,-2.0402352142607953
2023-06-01,421.82,413.1832484102249,-8.636751589775088,8.636751589775088,-2.0474969393995277
2023-06-02,427.92,408.5854830229282,-19.334516977071814,19.334516977071814,-4.518255042314408
2023-06-05,427.1,416.99866614103314,-10.101333858966882,10.101333858966882,-2.365098070467544
2023-06-06,428.03,416.3392786490917,-11.69072135090829,11.69072135090829,-2.7312855059010563
2023-06-07,426.55,413.199913533926,-13.350086466074004,13.350086466074004,-3.129782315337945
2023-06-08,429.13,411.2474072706699,-17.8825927293301,17.8825927293301,-4.167173753718011
2023-06-09,429.9,408.0230482685566,-21.8769517314434,21.8769517314434,-5.088846646067318
2023-06-12,433.8,413.7615404951572,-20.03845950484282,20.03845950484282,-4.619285270825915
2023-06-13,436.66,416.4380401408672,-20.221959859132824,20.221959859132824,-4.631053876959836
2023-06-14,437.18,407.90324903368946,-29.276750966310544,29.276750966310544,-6.696726969740277
2023-06-15,442.6,416.36179149270055,-26.238208507299476,26.238208507299476,-5.9281989397423125
2023-06-16,439.46,418.69910582304,-20.760894176959994,20.760894176959994,-4.724182901051289
2023-06-20,437.18,415.22094172835347,-21.95905827164654,21.95905827164654,-5.022887202444426
2023-06-21,434.94,425.52160376191136,-9.418396238088633,9.418396238088633,-2.1654472428584706
2023-06-22,436.51,422.28428494811055,-14.225715051889438,14.225715051889438,-3.2589665876817118
2023-06-23,433.21,418.3850850200653,-14.824914979934704,14.824914979934704,-3.422108210783385
2023-06-26,431.44,420.1657245123386,-11.274275487661384,11.274275487661384,-2.613173439565498
2023-06-27,436.17,422.0371704900264,-14.13282950997359,14.13282950997359,-3.2402112731213952
2023-06-28,436.39,416.6654865920543,-19.724513407945665,19.724513407945665,-4.519927910342965
2023-06-29,438.11,420.4274846112728,-17.68251538872721,17.68251538872721,-4.036090340034971
2023-06-30,443.28,417.0314168846607,-26.248583115339272,26.248583115339272,-5.921445387867549
2023-07-03,443.79,419.4952913272381,-24.294708672761942,24.294708672761942,-5.47437046187655
2023-07-05,443.13,421.90755481243133,-21.222445187568667,21.222445187568667,-4.789214268401748
2023-07-06,439.66,425.35641006469723,-14.303589935302796,14.303589935302796,-3.2533298310746472
2023-07-07,438.55,430.2399234950542,-8.310076504945812,8.310076504945812,-1.8948983023476937
2023-07-10,439.66,418.5378281664848,-21.12217183351521,21.12217183351521,-4.804205939479418
2023-07-11,442.46,422.7494157505035,-19.710584249496492,19.710584249496492,-4.45477201317554
2023-07-12,446.02,428.91324618697166,-17.10675381302832,17.10675381302832,-3.8354230332784005
2023-07-13,449.56,427.77629490256305,-21.78370509743695,21.78370509743695,-4.845561237084472
2023-07-14,449.28,432.1297731077671,-17.150226892232865,17.150226892232865,-3.8172691622669306
2023-07-17,450.84,424.7336191141605,-26.106380885839485,26.106380885839485,-5.790608838133148
2023-07-18,454.19,425.08147942543025,-29.108520574569752,29.108520574569752,-6.408886275472765
2023-07-19,455.2,431.80842948436737,-23.391570515632623,23.391570515632623,-5.138745719602949
2023-07-20,452.18,432.39172637462616,-19.788273625373847,19.788273625373847,-4.3761939106934955
2023-07-21,452.18,435.49967536091805,-16.68032463908196,16.68032463908196,-3.6888682911853596
2023-07-24,454.2,434.3669562101364,-19.83304378986361,19.83304378986361,-4.366588240833027
2023-07-25,455.44,438.6542129385471,-16.78578706145288,16.78578706145288,-3.685619853647655
2023-07-26,455.51,430.4924993371963,-25.017500662803684,25.017500662803684,-5.492195706527559
2023-07-27,452.49,432.3566400551796,-20.133359944820427,20.133359944820427,-4.449459644372346
2023-07-28,456.92,437.70373894453047,-19.216261055469545,19.216261055469545,-4.205607339461951
2023-07-31,457.79,435.51210835099215,-22.27789164900787,22.27789164900787,-4.866399801002178
2023-08-01,456.48,441.0505839717388,-15.429416028261244,15.429416028261244,-3.380085880709175
2023-08-02,450.13,437.96165324568744,-12.168346754312552,12.168346754312552,-2.7032961043059895
2023-08-03,448.84,438.79780694961545,-10.042193050384526,10.042193050384526,-2.237365887707095
2023-08-04,446.81,441.79709019780154,-5.012909802198465,5.012909802198465,-1.1219332159527462
2023-08-07,450.71,436.7397958779335,-13.970204122066491,13.970204122066491,-3.0995993259671386
2023-08-08,448.75,431.2752333295345,-17.4747666704655,17.4747666704655,-3.8940984223878554
2023-08-09,445.75,435.50076412558553,-10.249235874414467,10.249235874414467,-2.2993238080570872
2023-08-10,445.91,434.89614852070804,-11.013851479291986,11.013851479291986,-2.469971850663135
2023-08-11,445.65,436.7246760976314,-8.925323902368575,8.925323902368575,-2.002765376947958
2023-08-14,448.11,436.8485669803619,-11.261433019638105,11.261433019638105,-2.513095672856688
2023-08-15,442.89,436.0147488522529,-6.875251147747065,6.875251147747065,-1.5523608904574646
2023-08-16,439.64,438.0970112788677,-1.5429887211323035,1.5429887211323035,-0.3509664091375452
2023-08-17,436.29,440.2708177411556,3.9808177411555903,3.9808177411555903,0.9124247040169589
2023-08-18,436.5,438.35931576013564,1.8593157601356438,1.8593157601356438,0.42596008250530215
2023-08-21,439.34,437.1551595985889,-2.1848404014110656,2.1848404014110656,-0.49730058756568163
2023-08-22,438.15,435.18655015468596,-2.963449845314017,2.963449845314017,-0.6763550942175093
2023-08-23,443.03,437.75192556142804,-5.2780744385719345,5.2780744385719345,-1.1913582462975272
2023-08-24,436.89,433.74307649493215,-3.146923505067832,3.146923505067832,-0.7203011067014197
2023-08-25,439.97,437.0216981232166,-2.9483018767834324,2.9483018767834324,-0.6701142979710962
2023-08-28,442.76,436.94516850352284,-5.814831496477154,5.814831496477154,-1.3133145488474918
2023-08-29,449.16,436.02828816771506,-13.131711832284964,13.131711832284964,-2.9236156007402627
2023-08-30,451.01,440.9506283509731,-10.0593716490269,10.0593716490269,-2.2304098909174743
2023-08-31,450.35,440.93831828594205,-9.411681714057977,9.411681714057977,-2.089859379162424
2023-09-01,451.19,443.84324778318404,-7.346752216815958,7.346752216815958,-1.6283056399334996
2023-09-05,449.24,435.78489658236504,-13.455103417634973,13.455103417634973,-2.9950813412952924
2023-09-06,446.22,441.08826927781104,-5.1317307221889905,5.1317307221889905,-1.1500449827862915
2023-09-07,444.85,453.3366961801052,8.486696180105184,8.486696180105184,1.907765804227309
2023-09-08,445.52,446.37309785246845,0.8530978524684656,0.8530978524684656,0.1914836264294455
2023-09-11,448.45,435.7523741281032,-12.697625871896776,12.697625871896776,-2.831447401471017
2023-09-12,445.99,439.8360845458507,-6.153915454149285,6.153915454149285,-1.3798326092848012
2023-09-13,446.51,447.78568220496174,1.275682204961754,1.275682204961754,0.28570070210336923
2023-09-14,450.36,441.5960375094414,-8.76396249055864,8.76396249055864,-1.9459904277819167
2023-09-15,443.37,441.7883800804615,-1.5816199195385252,1.5816199195385252,-0.3567268691022228
2023-09-18,443.63,442.5137256383896,-1.116274361610408,1.116274361610408,-0.25162283019868087
2023-09-19,442.71,442.0859640491008,-0.624035950899156,0.624035950899156,-0.14095817824290302
2023-09-20,438.64,438.24638276696203,-0.3936172330379577,0.3936172330379577,-0.08973582733858237
2023-09-21,431.39,433.6957679140568,2.305767914056787,2.305767914056787,0.5344973026859193
2023-09-22,430.42,432.9503153312206,2.5303153312206064,2.5303153312206064,0.5878712260630562
2023-09-25,432.23,432.9505084991455,0.7205084991454669,0.7205084991454669,0.16669562481675657
2023-09-26,425.88,430.2563427686691,4.376342768669133,4.376342768669133,1.02759997385863
2023-09-27,426.05,437.86129372835154,11.81129372835153,11.81129372835153,2.772278776751914
2023-09-28,428.52,437.6964863669872,9.176486366987206,9.176486366987206,2.141437124751985
2023-09-29,427.48,433.7547894954681,6.274789495468099,6.274789495468099,1.4678556880949047
2023-10-02,427.31,432.22632194876667,4.916321948766665,4.916321948766665,1.150528175976847
2023-10-03,421.59,432.807739841938,11.217739841937998,11.217739841937998,2.66081734432458
2023-10-04,424.66,440.8177463793754,16.157746379375396,16.157746379375396,3.8048665707566984
2023-10-05,424.5,432.55976490855215,8.059764908552154,8.059764908552154,1.8986489772796593
2023-10-06,429.54,427.3309023499489,-2.2090976500511488,2.2090976500511488,-0.5142938143248937
2023-10-09,432.29,430.6674216735363,-1.6225783264637244,1.6225783264637244,-0.3753448672103737
2023-10-10,434.54,430.89985536932943,-3.6401446306705907,3.6401446306705907,-0.8377007020459775
2023-10-11,436.32,428.15476354956627,-8.165236450433724,8.165236450433724,-1.8713871586069224
2023-10-12,433.66,431.5711841511726,-2.088815848827437,2.088815848827437,-0.4816713205800482
2023-10-13,431.5,429.9556856739521,-1.5443143260479246,1.5443143260479246,-0.3578943976936094
2023-10-16,436.04,425.44475804924963,-10.595241950750392,10.595241950750392,-2.429878440223464
2023-10-17,436.02,430.70192848920817,-5.31807151079181,5.31807151079181,-1.2196852233365008
2023-10-18,430.21,434.4282080030441,4.21820800304414,4.21820800304414,0.9804997566407428
2023-10-19,426.43,433.57435309290884,7.14435309290883,7.14435309290883,1.6753870724172382
2023-10-20,421.19,440.6972798371315,19.507279837131478,19.507279837131478,4.6314679449017016
2023-10-23,420.46,432.2557888376713,11.795788837671296,11.795788837671296,2.8054485177356456
2023-10-24,423.63,425.1359352195263,1.5059352195262932,1.5059352195262932,0.3554836105861939
2023-10-25,417.55,429.1592894411087,11.609289441108672,11.609289441108672,2.780335155336767
2023-10-26,412.55,427.392171703577,14.84217170357698,14.84217170357698,3.5976661504246708
2023-10-27,410.68,432.04599091053007,21.36599091053006,21.36599091053006,5.202588611700121
2023-10-30,415.59,427.08057428002354,11.490574280023566,11.490574280023566,2.7648822830249924
2023-10-31,418.2,423.3251615309715,5.125161530971525,5.125161530971525,1.2255288213705224
2023-11-01,422.66,417.2144698345661,-5.445530165433922,5.445530165433922,-1.28839496650592
2023-11-02,430.76,423.7263361895084,-7.033663810491589,7.033663810491589,-1.6328498027884644
2023-11-03,434.69,420.63578987717625,-14.054210122823747,14.054210122823747,-3.2331569906884785
2023-11-06,435.69,415.27162196755404,-20.418378032445958,20.418378032445958,-4.6864463339635885
2023-11-07,436.93,422.8167259919643,-14.113274008035717,14.113274008035717,-3.2300995601207783
2023-11-08,437.25,424.49979812145233,-12.75020187854767,12.75020187854767,-2.9159981426066715
2023-11-09,433.84,429.1297874307632,-4.710212569236774,4.710212569236774,-1.0857026943658432
2023-11-10,440.61,429.6729229533672,-10.937077046632794,10.937077046632794,-2.482258016529991
2023-11-13,440.19,425.5700889110565,-14.619911088943525,14.619911088943525,-3.3212728796527693
2023-11-14,448.73,430.3753693318367,-18.354630668163338,18.354630668163338,-4.090350693772054
2023-11-15,449.68,426.8854571151733,-22.794542884826683,22.794542884826683,-5.069058638326517
2023-11-16,450.23,431.1825127255916,-19.04748727440841,19.04748727440841,-4.230612636743089
2023-11-17,450.79,432.2956516730785,-18.49434832692151,18.49434832692151,-4.102652748934429
2023-11-20,454.26,429.79969379425046,-24.460306205749532,24.460306205749532,-5.384648924789666
2023-11-21,453.27,434.4684747350216,-18.80152526497841,18.80152526497841,-4.147974775515347
2023-11-22,455.02,433.5102740240097,-21.509725975990307,21.509725975990307,-4.727204513206081
2023-11-24,455.3,435.9260145318508,-19.373985468149215,19.373985468149215,-4.255213149165213
2023-11-27,454.48,431.50768458604813,-22.97231541395189,22.97231541395189,-5.0546372588346875
2023-11-28,454.93,433.4241386902332,-21.50586130976683,21.50586130976683,-4.727290200638961
2023-11-29,454.61,437.9810754024982,-16.628924597501793,16.628924597501793,-3.657843997602735
2023-11-30,456.4,435.33274315238,-21.06725684762,21.06725684762,-4.615963375902718
2023-12-01,459.1,435.20711375832553,-23.89288624167449,23.89288624167449,-5.204288007334892
2023-12-04,456.69,434.2836657130718,-22.4063342869282,22.4063342869282,-4.906245875085551
2023-12-05,456.6,435.5507243752479,-21.049275624752113,21.049275624752113,-4.610003421978123
2023-12-06,454.76,441.21170358180996,-13.548296418190034,13.548296418190034,-2.9792190206240727
2023-12-07,458.23,438.87890235662456,-19.351097643375454,19.351097643375454,-4.223009764392435
2023-12-08,460.2,442.5165002322197,-17.68349976778029,17.68349976778029,-3.842568398040046
2023-12-11,461.99,438.37425993323325,-23.61574006676676,23.61574006676676,-5.111742692864945
2023-12-12,464.1,433.3597962105274,-30.740203789472616,30.740203789472616,-6.623616416606898
2023-12-13,470.5,441.2693554270267,-29.23064457297329,29.23064457297329,-6.212676848665949
2023-12-14,472.01,449.3133068370819,-22.69669316291811,22.69669316291811,-4.808519557407282
2023-12-15,469.33,449.247893153429,-20.08210684657098,20.08210684657098,-4.278888382709603
2023-12-18,471.97,443.24671010971065,-28.72328989028938,28.72328989028938,-6.085829584568803
2023-12-19,474.84,445.8780787038803,-28.96192129611967,28.96192129611967,-6.099301090076588
2023-12-20,468.26,450.1120035243034,-18.147996475696573,18.147996475696573,-3.8756239003324167
2023-12-21,472.7,454.0705938088894,-18.629406191110604,18.629406191110604,-3.9410632940788246
2023-12-22,473.65,450.6292545449733,-23.020745455026656,23.020745455026656,-4.860286172284737
2023-12-26,475.65,443.96292409300804,-31.687075906991936,31.687075906991936,-6.661847136968767
2023-12-27,476.51,448.98112824916836,-27.528871750831627,27.528871750831627,-5.777186575482493
2023-12-28,476.69,452.7757716476917,-23.91422835230827,23.91422835230827,-5.016725409030664
2023-12-29,475.31,456.93386927723884,-18.37613072276116,18.37613072276116,-3.8661359371275927
2024-01-02,472.65,450.8879941999912,-21.76200580000875,21.76200580000875,-4.6042538453419555
2024-01-03,468.79,459.3401972389221,-9.449802761077933,9.449802761077933,-2.0157859086324224
2024-01-04,467.28,464.4601482093334,-2.8198517906665757,2.8198517906665757,-0.6034608351880191
2024-01-05,467.92,459.71223866224284,-8.207761337757177,8.207761337757177,-1.75409500294007
2024-01-08,474.6,456.76941313028334,-17.830586869716683,17.830586869716683,-3.756971527542495
2024-01-09,473.88,461.0993072879314,-12.780692712068571,12.780692712068571,-2.6970314662084434
2024-01-10,476.56,453.8752132332325,-22.684786766767502,22.684786766767502,-4.760111374594491
2024-01-11,476.35,458.2846047723293,-18.065395227670706,18.065395227670706,-3.792462522865688
2024-01-12,476.68,453.88801499843595,-22.791985001564058,22.791985001564058,-4.7814015695149905
2024-01-16,474.93,453.9156204509735,-21.0143795490265,21.0143795490265,-4.424731970822332
2024-01-17,472.29,460.8636424195766,-11.426357580423428,11.426357580423428,-2.419352004154953
2024-01-18,476.49,462.513050647974,-13.976949352025997,13.976949352025997,-2.933314309224957
2024-01-19,482.43,459.8203775787353,-22.609622421264703,22.609622421264703,-4.686612031023092
2024-01-22,483.45,462.38338228821755,-21.066617711782442,21.066617711782442,-4.357558736535824
2024-01-23,484.86,465.2363847351074,-19.623615264892635,19.623615264892635,-4.047274525614123
2024-01-24,485.39,462.73408743619916,-22.655912563800825,22.655912563800825,-4.667568875296324
2024-01-25,488.03,464.6767772567272,-23.353222743272795,23.353222743272795,-4.78520229151339
2024-01-26,487.41,470.2018364870548,-17.208163512945248,17.208163512945248,-3.5305314853912
2024-01-29,491.27,467.70796833395957,-23.56203166604041,23.56203166604041,-4.7961470608912435
2024-01-30,490.89,467.7091097807884,-23.180890219211562,23.180890219211562,-4.722216834568145
2024-01-31,482.88,471.12231677055354,-11.757683229446457,11.757683229446457,-2.4349078921153198
2024-02-01,489.2,468.62407599806784,-20.57592400193215,20.57592400193215,-4.206035159838952
2024-02-02,494.35,471.24982516169547,-23.100174838304554,23.100174838304554,-4.672838037484485
2024-02-05,492.55,471.73652052879333,-20.813479471206676,20.813479471206676,-4.225658201442833
2024-02-06,493.98,470.6513733696937,-23.328626630306303,23.328626630306303,-4.722585252501377
2024-02-07,498.1,474.5762119495868,-23.523788050413202,23.523788050413202,-4.7227038848450515
2024-02-08,498.32,471.0627683675289,-27.257231632471075,27.257231632471075,-5.469824938286859
2024-02-09,501.2,474.1761962985992,-27.023803701400766,27.023803701400766,-5.39182037138882
2024-02-12,500.98,476.91712622761725,-24.062873772382773,24.062873772382773,-4.8031605597793865
2024-02-13,494.08,474.2934141075611,-19.786585892438893,19.786585892438893,-4.004733219810333
2024-02-14,498.57,485.4519700169563,-13.118029983043698,13.118029983043698,-2.6311310313584246
2024-02-15,502.01,480.8325171399116,-21.17748286008839,21.17748286008839,-4.218538049060455
2024-02-16,499.51,483.73807882308955,-15.771921176910439,15.771921176910439,-3.1574785643751753
2024-02-20,496.76,479.7340238332748,-17.025976166725172,17.025976166725172,-3.4274048165563196
2024-02-21,497.21,473.9054977929592,-23.304502207040798,23.304502207040798,-4.68705420386573
2024-02-22,507.5,482.5632666254043,-24.93673337459569,24.93673337459569,-4.913642044255308
2024-02-23,507.85,482.09439538955684,-25.755604610443186,25.755604610443186,-5.071498397251784
2024-02-26,505.99,484.12666244506835,-21.86333755493166,21.86333755493166,-4.3209030919448335
2024-02-27,506.93,486.1277767825126,-20.80222321748738,20.80222321748738,-4.1035691747356395
2024-02-28,506.26,483.73892173767086,-22.521078262329127,22.521078262329127,-4.4485201798145475
2024-02-29,508.08,487.7697743868828,-20.31022561311721,20.31022561311721,-3.997446388977565
2024-03-01,512.85,494.2619024920463,-18.588097507953705,18.588097507953705,-3.6244706069910704
2024-03-04,512.3,489.24526124000545,-23.054738759994507,23.054738759994507,-4.5002418036296135
2024-03-05,507.18,489.21948210239407,-17.96051789760594,17.96051789760594,-3.541251212115213
2024-03-06,509.75,491.63165778398513,-18.118342216014867,18.118342216014867,-3.5543584533624064
2024-03-07,514.81,493.5922068572044,-21.21779314279553,21.21779314279553,-4.121480379712036
2024-03-08,511.72,493.0359183549881,-18.68408164501193,18.68408164501193,-3.6512314634979925
2024-03-11,511.28,495.03629514217374,-16.24370485782623,16.24370485782623,-3.17706635460535
2024-03-12,516.78,490.9742546534538,-25.80574534654619,25.80574534654619,-4.993565027003017
2024-03-13,515.97,487.61548589706416,-28.354514102935866,28.354514102935866,-5.495380371520799
2024-03-14,514.95,494.4522607016563,-20.49773929834373,20.49773929834373,-3.9805300123009473
2024-03-15,509.83,497.1786327934265,-12.651367206573468,12.651367206573468,-2.481487399049383
2024-03-18,512.86,495.81328677892685,-17.046713221073162,17.046713221073162,-3.3238531414173775
2024-03-19,515.71,498.181104080677,-17.52889591932302,17.52889591932302,-3.398983133800589
2024-03-20,520.48,503.49817413806915,-16.981825861930872,16.981825861930872,-3.262723997450598
2024-03-21,522.2,500.6131936192512,-21.58680638074884,21.58680638074884,-4.133819682257533
2024-03-22,521.21,499.7599884557724,-21.450011544227664,21.450011544227664,-4.115425940451576
2024-03-25,519.77,498.2267970752716,-21.543202924728405,21.543202924728405,-4.144756897229237
2024-03-26,518.81,499.33515950679777,-19.47484049320218,19.47484049320218,-3.7537519502712327
2024-03-27,523.17,499.3256064748764,-23.844393525123564,23.844393525123564,-4.5576759992208205
2024-03-28,523.07,503.68575775384903,-19.384242246151018,19.384242246151018,-3.7058600657944476
2024-04-01,522.16,502.49447360038755,-19.665526399612418,19.665526399612418,-3.7661878350720888
2024-04-02,518.84,507.5385095763206,-11.301490423679411,11.301490423679411,-2.1782226550920147
2024-04-03,519.41,508.3459163808822,-11.064083619117753,11.064083619117753,-2.1301252611843733
2024-04-04,513.07,506.7990627598762,-6.270937240123828,6.270937240123828,-1.2222381429675926
2024-04-05,518.43,505.1140062689781,-13.315993731021877,13.315993731021877,-2.568522988835885
2024-04-08,518.72,502.0882590150833,-16.631740984916746,16.631740984916746,-3.206304168899743
2024-04-09,519.32,506.5053070282936,-12.81469297170645,12.81469297170645,-2.467590882636226
2024-04-10,514.12,506.8379773163795,-7.282022683620482,7.282022683620482,-1.4164052523964217
2024-04-11,518.0,508.4914947533607,-9.508505246639288,9.508505246639288,-1.835618773482488
2024-04-12,510.85,516.7217829680443,5.871782968044272,5.871782968044272,1.1494143032287896
2024-04-15,504.45,520.7833668780327,16.333366878032678,16.333366878032678,3.2378564531732934
2024-04-16,503.53,518.1805520153046,14.650552015304584,14.650552015304584,2.9095688470010894
2024-04-17,500.55,506.779781088829,6.229781088828986,6.229781088828986,1.2445871718767327
2024-04-18,499.52,517.0757017278671,17.55570172786713,17.55570172786713,3.5145142792815367
2024-04-19,495.16,507.5122036170959,12.352203617095881,12.352203617095881,2.494588338536207
2024-04-22,499.72,507.88712499856945,8.16712499856942,8.16712499856942,1.63434023024282
2024-04-23,505.65,511.25878332376476,5.608783323764783,5.608783323764783,1.1092224510560236
2024-04-24,505.41,502.8605443787575,-2.5494556212425437,2.5494556212425437,-0.5044331574845262
2024-04-25,503.49,512.630205347538,9.140205347537972,9.140205347537972,1.8153697883846693
2024-04-26,508.26,521.5708247041701,13.310824704170159,13.310824704170159,2.618900701249392
2024-04-29,510.06,511.73348471879956,1.673484718799557,1.673484718799557,0.3280956590988427
2024-04-30,501.98,515.3986880469322,13.418688046932175,13.418688046932175,2.673151927752535
2024-05-01,500.35,514.3350352096558,13.985035209655734,13.985035209655734,2.795050506576543
2024-05-02,505.03,511.43962362289426,6.409623622894287,6.409623622894287,1.2691570051074763
2024-05-03,511.29,512.677619292736,1.3876192927360194,1.3876192927360194,0.2713957426775449
2024-05-06,516.57,506.7258696770668,-9.844130322933268,9.844130322933268,-1.9056720914751661
2024-05-07,517.14,510.60773717403407,-6.5322628259659155,6.5322628259659155,-1.2631517240913321
2024-05-08,517.19,515.50703769207,-1.6829623079300973,1.6829623079300973,-0.3254050364334378
2024-05-09,520.17,523.6930728912354,3.5230728912354152,3.5230728912354152,0.6772925949661487
2024-05-10,520.84,517.1521611046791,-3.687838895320965,3.687838895320965,-0.708056004784764
2024-05-13,520.91,521.9963560819625,1.086356081962549,1.086356081962549,0.20854966922549942
2024-05-14,523.3,514.5744229507446,-8.725577049255321,8.725577049255321,-1.6674139211265662
2024-05-15,529.78,516.5029412698746,-13.277058730125418,13.277058730125418,-2.506145707675907
2024-05-16,528.69,521.0192073535919,-7.670792646408131,7.670792646408131,-1.4509055678011937
2024-05-17,529.45,525.1422889065742,-4.307711093425837,4.307711093425837,-0.8136200006470559
2024-05-20,530.06,522.9335717320442,-7.126428267955703,7.126428267955703,-1.3444569044930204
2024-05-21,531.36,522.0145489883423,-9.345451011657701,9.345451011657701,-1.7587795490171827
2024-05-22,529.83,529.726760828495,-0.10323917150503803,0.10323917150503803,-0.019485338977603763
2024-05-23,525.96,526.5622838830948,0.6022838830947421,0.6022838830947421,0.11451134745888321
2024-05-24,529.44,523.9389580988884,-5.501041901111648,5.501041901111648,-1.0390302774840676
2024-05-28,529.81,527.6513295221329,-2.1586704778670764,2.1586704778670764,-0.40744238082842466
2024-05-29,526.1,525.2953481459617,-0.8046518540382976,0.8046518540382976,-0.15294656035702292
2024-05-30,522.61,529.2088951826096,6.598895182609567,6.598895182609567,1.2626806189337303
2024-05-31,527.37,525.4512171006203,-1.9187828993797211,1.9187828993797211,-0.363839979403402
2024-06-03,527.8,525.3858560991287,-2.414143900871295,2.414143900871295,-0.4573974802711813
2024-06-04,528.39,529.3053737807273,0.9153737807273501,0.9153737807273501,0.1732382862520771
2024-06-05,534.67,524.0943002319335,-10.575699768066443,10.575699768066443,-1.977986378152214
2024-06-06,534.66,522.7250557374954,-11.934944262504587,11.934944262504587,-2.2322493290136887
2024-06-07,534.01,523.6849598383903,-10.32504016160965,10.32504016160965,-1.9334919124379037
2024-06-10,535.66,523.4439916324616,-12.216008367538393,12.216008367538393,-2.2805526579431716
2024-06-11,536.95,526.4391832327842,-10.510816767215829,10.510816767215829,-1.9575038210663616
2024-06-12,541.36,536.2058588790893,-5.154141120910708,5.154141120910708,-0.9520727650566552
2024-06-13,542.45,530.1953862142562,-12.2546137857438,12.2546137857438,-2.259123197666845
2024-06-14,542.78,526.9787188076973,-15.801281192302667,15.801281192302667,-2.911176018332044
2024-06-17,547.1,531.3975931358337,-15.702406864166278,15.702406864166278,-2.8701164072685574
2024-06-18,548.49,532.7007039570808,-15.789296042919204,15.789296042919204,-2.878684395872159
2024-06-20,547.0,531.6401769280434,-15.359823071956612,15.359823071956612,-2.8080115305222324
2024-06-21,544.51,535.0087796878814,-9.501220312118562,9.501220312118562,-1.7449119964956679
2024-06-24,542.74,533.8218857145309,-8.918114285469073,8.918114285469073,-1.643165104003588
2024-06-25,544.83,533.7639002156258,-11.066099784374273,11.066099784374273,-2.031110582085104
2024-06-26,545.51,537.1707151031494,-8.339284896850586,8.339284896850586,-1.528713478552288
2024-06-27,546.37,537.8214100384712,-8.548589961528819,8.548589961528819,-1.5646155465213716
2024-06-28,544.22,541.3548025989533,-2.865197401046771,2.865197401046771,-0.5264777849117582
2024-07-01,545.34,545.7802797579765,0.44027975797644103,0.44027975797644103,0.08073490996010581
2024-07-02,549.01,537.0341278195381,-11.97587218046192,11.97587218046192,-2.1813577494876086
2024-07-03,551.46,538.8491687631607,-12.610831236839317,12.610831236839317,-2.286807970993239
2024-07-05,554.64,539.2432313299179,-15.39676867008211,15.39676867008211,-2.775993197404102
2024-07-08,555.28,542.5749565768242,-12.705043423175766,12.705043423175766,-2.2880426853435685
2024-07-09,555.82,539.6081431007385,-16.211856899261534,16.211856899261534,-2.9167458708325595
2024-07-10,561.32,545.4360193943977,-15.883980605602346,15.883980605602346,-2.8297549714249173
2024-07-11,556.48,538.8803566026687,-17.599643397331306,17.599643397331306,-3.162673123442227
2024-07-12,559.99,544.6801357436179,-15.30986425638207,15.30986425638207,-2.7339531520888
2024-07-15,561.53,547.2628260207176,-14.267173979282347,14.267173979282347,-2.540767898292584
2024-07-16,564.86,545.3812650680542,-19.478734931945837,19.478734931945837,-3.448418180070431
2024-07-17,556.94,552.3676923322678,-4.572307667732275,4.572307667732275,-0.8209695241376584
2024-07-18,552.66,552.3777370643616,-0.2822629356384141,0.2822629356384141,-0.0510735236200221
2024-07-19,548.99,550.5507899522781,1.5607899522781281,1.5607899522781281,0.2843020733124698
2024-07-22,554.65,548.5391743040085,-6.11082569599148,6.11082569599148,-1.1017444687625495
2024-07-23,553.78,552.8767776179313,-0.903222382068634,0.903222382068634,-0.16310130052884433
2024-07-24,541.23,551.9353825163842,10.705382516384134,10.705382516384134,1.977972861146672
2024-07-25,538.41,555.107164721489,16.697164721489003,16.697164721489003,3.1011988487377655
2024-07-26,544.44,552.4567251849174,8.01672518491739,8.01672518491739,1.4724717480195044
2024-07-29,544.76,547.9354718565941,3.175471856594072,3.175471856594072,0.5829120817596872
2024-07-30,542.0,547.8060493469238,5.806049346923828,5.806049346923828,1.071226816775614
2024-07-31,550.81,544.4135991287231,-6.396400871276796,6.396400871276796,-1.161271740033187
2024-08-01,543.01,552.5263007593155,9.516300759315527,9.516300759315527,1.7525093017284263
2024-08-02,532.9,550.3712140250205,17.471214025020572,17.471214025020572,3.2785164242860896
2024-08-05,517.38,544.4639281535149,27.083928153514876,27.083928153514876,5.234823177068089
2024-08-06,522.15,542.3605753016471,20.210575301647168,20.210575301647168,3.870645466177759
2024-08-07,518.66,541.3512202119826,22.69122021198268,22.69122021198268,4.3749701561683345
2024-08-08,530.65,544.6321247339248,13.98212473392482,13.98212473392482,2.63490525467348
2024-08-09,532.99,543.5141390275955,10.524139027595538,10.524139027595538,1.9745471824228482
2024-08-12,533.27,538.3213988709449,5.051398870944922,5.051398870944922,0.9472497742128607
2024-08-13,542.04,537.0410818648338,-4.99891813516615,4.99891813516615,-0.9222415569268227
2024-08-14,543.75,535.3898824429511,-8.360117557048852,8.360117557048852,-1.5374928840549613
2024-08-15,553.07,541.554573354721,-11.515426645279035,11.515426645279035,-2.0820920760986916
2024-08-16,554.31,539.2611783862113,-15.048821613788618,15.048821613788618,-2.714874639423539
2024-08-19,559.61,537.9646352744102,-21.645364725589843,21.645364725589843,-3.867937443146092
2024-08-20,558.7,549.1674968814849,-9.532503118515137,9.532503118515137,-1.706193506088265
2024-08-21,560.62,546.7510012626648,-13.868998737335232,13.868998737335232,-2.473867992104319
2024-08-22,556.22,548.5170126748085,-7.702987325191543,7.702987325191543,-1.3848814003796237
2024-08-23,562.13,548.9891502046585,-13.140849795341524,13.140849795341524,-2.3376887544414147
2024-08-26,560.79,550.4777724766731,-10.312227523326897,10.312227523326897,-1.838875073258599
2024-08-27,561.56,553.1507599782943,-8.409240021705614,8.409240021705614,-1.4974784567464945
2024-08-28,558.3,559.235619854927,0.9356198549270403,0.9356198549270403,0.1675837103577002
2024-08-29,558.35,553.910717716217,-4.439282283782973,4.439282283782973,-0.7950716009282658
2024-08-30,563.68,556.4753906941413,-7.204609305858639,7.204609305858639,-1.2781381822769373
2024-09-03,552.08,550.4437046790123,-1.636295320987756,1.636295320987756,-0.2963873570837118
2024-09-04,550.95,560.7902001929283,9.84020019292825,9.84020019292825,1.7860423256063618
2024-09-05,549.61,561.7087663578986,12.098766357898626,12.098766357898626,2.20133664924194
2024-09-06,540.36,553.5626291155814,13.20262911558143,13.20262911558143,2.4433024494006648
2024-09-09,546.41,551.9530486011505,5.543048601150531,5.543048601150531,1.0144486010780422
2024-09-10,548.79,553.0204945540428,4.230494554042821,4.230494554042821,0.770876756872906
2024-09-11,554.42,557.9785532426833,3.558553242683388,3.558553242683388,0.6418515282066644
2024-09-12,559.09,555.6389735794068,-3.45102642059328,3.45102642059328,-0.617257761826053
2024-09-13,562.01,552.9744152235985,-9.035584776401492,9.035584776401492,-1.607726691055585
2024-09-16,562.84,554.6134977483749,-8.226502251625107,8.226502251625107,-1.4616058296540946
2024-09-17,563.07,553.1198531103134,-9.950146889686607,9.950146889686607,-1.7671243166367603
2024-09-18,561.4,552.7398039984703,-8.660196001529698,8.660196001529698,-1.5426070540665655
2024-09-19,570.98,564.4439188098908,-6.5360811901092575,6.5360811901092575,-1.1447128078232611
2024-09-20,568.25,560.4254289078713,-7.8245710921287355,7.8245710921287355,-1.3769592771014054
2024-09-23,569.67,553.3351826643943,-16.334817335605635,16.334817335605635,-2.8674175111214626
2024-09-24,571.3,562.4148126840591,-8.885187315940811,8.885187315940811,-1.555257713275129
2024-09-25,570.04,568.7158450293541,-1.32415497064585,1.32415497064585,-0.23229158842289135
2024-09-26,572.3,570.7893446564674,-1.5106553435325623,1.5106553435325623,-0.26396214285035163
2024-09-27,571.47,568.1814020633698,-3.2885979366302536,3.2885979366302536,-0.5754629178487504
2024-09-30,573.76,571.184531109333,-2.5754688906670253,2.5754688906670253,-0.4488756432423009
2024-10-01,568.62,570.3822871565818,1.762287156581806,1.762287156581806,0.3099235265347342
2024-10-02,568.86,570.9339045071602,2.0739045071601367,2.0739045071601367,0.36457204007315275
2024-10-03,567.82,575.7313177251816,7.911317725181561,7.911317725181561,1.393279159800916
2024-10-04,572.98,571.9926052212714,-0.9873947787285715,0.9873947787285715,-0.17232622058860195
2024-10-07,567.8,571.8687318992614,4.068731899261479,4.068731899261479,0.7165783549245297
2024-10-08,573.17,573.1062709903716,-0.06372900962833228,0.06372900962833228,-0.01111869246965687
2024-10-09,577.14,572.4551897192001,-4.684810280799866,4.684810280799866,-0.8117285720622147
2024-10-10,576.13,570.449650080204,-5.680349919795958,5.680349919795958,-0.9859493377876447
2024-10-11,579.58,577.2539024305344,-2.3260975694656736,2.3260975694656736,-0.4013419319965619
2024-10-14,584.32,576.8042426228523,-7.515757377147793,7.515757377147793,-1.2862399673377247
2024-10-15,579.78,578.926947388649,-0.8530526113510177,0.8530526113510177,-0.1471338458296281
2024-10-16,582.3,582.8522249865532,0.5522249865532558,0.5522249865532558,0.09483513421831631
2024-10-17,582.35,581.9968071722984,-0.353192827701605,0.353192827701605,-0.06064957975471881
2024-10-18,584.59,581.9193995165824,-2.6706004834176156,2.6706004834176156,-0.4568330767576618
2024-10-21,583.63,583.7153695178032,0.08536951780320123,0.08536951780320123,0.014627335435670071
2024-10-22,583.32,589.6562314867973,6.33623148679726,6.33623148679726,1.0862359402724506
2024-10-23,577.99,588.135999917984,10.145999917984,10.145999917984,1.7553936777425214
2024-10-24,579.24,586.1440873980522,6.904087398052184,6.904087398052184,1.1919217246827194
2024-10-25,579.04,584.6433833503723,5.603383350372383,5.603383350372383,0.9677022917885436
2024-10-28,580.83,584.6737985181808,3.8437985181807335,3.8437985181807335,0.6617768569427773
2024-10-29,581.77,580.8426815032959,-0.9273184967040606,0.9273184967040606,-0.1593960666077764
2024-10-30,580.01,586.0784103035927,6.068410303592714,6.068410303592714,1.0462595995918542
2024-10-31,568.64,590.9875799465179,22.347579946517953,22.347579946517953,3.930004914624007
2024-11-01,571.04,591.4442289209366,20.40422892093659,20.40422892093659,3.5731698166392176
2024-11-04,569.81,583.3407291078568,13.530729107856814,13.530729107856814,2.374603658738319
2024-11-05,576.7,587.3567605090141,10.65676050901402,10.65676050901402,1.8478863376129737
2024-11-06,591.04,579.3316166305542,-11.708383369445755,11.708383369445755,-1.9809798608293443
2024-11-07,595.61,580.9133809638023,-14.696619036197717,14.696619036197717,-2.4674903101354437
2024-11-08,598.19,593.1438256883621,-5.046174311637969,5.046174311637969,-0.8435738330025526
2024-11-11,598.76,589.1736980104446,-9.586301989555409,9.586301989555409,-1.6010257848813227
2024-11-12,596.9,589.7002737736701,-7.199726226329858,7.199726226329858,-1.2061863337795038
2024-11-13,597.19,587.8407339644432,-9.349266035556866,9.349266035556866,-1.5655429654811475
2024-11-14,593.35,585.5782809853554,-7.7717190146446455,7.7717190146446455,-1.309803491134178
2024-11-15,585.75,589.7078951263428,3.9578951263428053,3.9578951263428053,0.6756969912663774
2024-11-18,588.15,597.5671604394912,9.417160439491226,9.417160439491226,1.601149441382509
2024-11-19,590.3,599.6042742538452,9.304274253845279,9.304274253845279,1.5761941815763645
2024-11-20,590.5,594.7863149929046,4.286314992904636,4.286314992904636,0.7258789149711491
2024-11-21,593.67,598.426933312416,4.756933312416095,4.756933312416095,0.8012756771297345
2024-11-22,595.51,596.6086611962318,1.0986611962317738,1.0986611962317738,0.18449080556695502
2024-11-25,597.53,590.6116049218177,-6.918395078182243,6.918395078182243,-1.1578322558168197
2024-11-26,600.65,588.9580523633957,-11.691947636604255,11.691947636604255,-1.9465491778247321
2024-11-27,598.83,592.372769575119,-6.457230424881004,6.457230424881004,-1.078307770966886
2024-11-29,602.55,592.1935097408294,-10.356490259170528,10.356490259170528,-1.718776908002743
2024-12-02,603.63,594.0180685949325,-9.61193140506748,9.61193140506748,-1.5923548208451335
2024-12-03,603.91,593.5234884643554,-10.386511535644559,10.386511535644559,-1.7198773882937124
2024-12-04,607.66,596.9569254040717,-10.703074595928229,10.703074595928229,-1.761359081711521
2024-12-05,606.66,591.3936189246177,-15.266381075382242,15.266381075382242,-2.51646409444866
2024-12-06,607.81,591.7849771404266,-16.02502285957337,16.02502285957337,-2.636518461291089
2024-12-09,604.68,594.4854296088218,-10.194570391178104,10.194570391178104,-1.6859446965631582
2024-12-10,602.8,599.4979967737198,-3.302003226280135,3.302003226280135,-0.5477775756934531
2024-12-11,607.46,605.5845073580741,-1.8754926419259164,1.8754926419259164,-0.3087433974131492
2024-12-12,604.33,610.8434163093567,6.513416309356671,6.513416309356671,1.0777913241700183
2024-12-13,604.21,609.2781239318847,5.0681239318846565,5.0681239318846565,0.8388017298430439
2024-12-16,606.79,605.906606092453,-0.8833939075469743,0.8833939075469743,-0.14558478345835865
2024-12-17,604.29,609.354477944374,5.064477944374062,5.064477944374062,0.8380873329649775
2024-12-18,586.28,607.8442559862136,21.564255986213652,21.564255986213652,3.6781496872166293
2024-12-19,586.1,605.9993618178368,19.899361817836734,19.899361817836734,3.395216143633635
2024-12-20,591.15,609.0986533689498,17.948653368949863,17.948653368949863,3.0362265700667956
2024-12-23,594.69,607.9893777799606,13.299377779960537,13.299377779960537,2.23635470244338
2024-12-24,601.3,603.8792911601066,2.5792911601066635,2.5792911601066635,0.428952463014579
2024-12-26,601.34,606.5477831172943,5.207783117294298,5.207783117294298,0.8660297198414038
2024-12-27,595.01,605.0288510417938,10.018851041793823,10.018851041793823,1.6838122118609473
2024-12-30,588.22,604.1899051833152,15.969905183315177,15.969905183315177,2.7149544699797996
2024-12-31,586.08,594.7797121620177,8.699712162017704,8.699712162017704,1.4843898720341426
2025-01-02,584.64,603.8508779144287,19.210877914428693,19.210877914428693,3.285932867136818
2025-01-03,591.95,596.352415163517,4.402415163516935,4.402415163516935,0.7437140237379735
2025-01-06,595.36,597.4257615184783,2.0657615184783253,2.0657615184783253,0.3469768742405142
2025-01-07,588.63,610.123426771164,21.493426771163968,21.493426771163968,3.651432439930681
2025-01-08,589.49,604.7962417387962,15.306241738796189,15.306241738796189,2.5965227126492714
2025-01-10,580.49,599.162762620449,18.67276262044902,18.67276262044902,3.2167242537251326
2025-01-13,581.39,599.7772473502159,18.387247350215944,18.387247350215944,3.162635640485035
2025-01-14,582.19,595.3996758365631,13.209675836563065,13.209675836563065,2.2689630252259683
2025-01-15,592.78,602.5889645433425,9.80896454334254,9.80896454334254,1.6547394553363035
2025-01-16,591.64,604.0082570910454,12.368257091045393,12.368257091045393,2.090503869083462
2025-01-17,597.58,601.4172781538963,3.83727815389625,3.83727815389625,0.6421363087613792
2025-01-21,603.05,605.72562530756,2.67562530756004,2.67562530756004,0.44368216691153967
2025-01-22,606.44,601.6629526329041,-4.7770473670959746,4.7770473670959746,-0.7877197030367347
2025-01-23,609.75,605.1726030993461,-4.577396900653866,4.577396900653866,-0.7507005987132213
2025-01-24,607.97,604.6235496139526,-3.3464503860474224,3.3464503860474224,-0.5504301834050072
2025-01-27,599.37,609.8081767177581,10.438176717758097,10.438176717758097,1.7415247205829616
2025-01-28,604.52,608.8039493584632,4.283949358463246,4.283949358463246,0.7086530401745594
2025-01-29,601.81,604.8946871376037,3.084687137603737,3.084687137603737,0.5125682753034574
2025-01-30,605.04,615.2322618055343,10.192261805534372,10.192261805534372,1.6845599969480318
2025-01-31,601.82,609.9015646290779,8.081564629077889,8.081564629077889,1.3428541140337455
2025-02-03,597.77,614.8275223207473,17.057522320747353,17.057522320747353,2.8535259917271447
2025-02-04,601.78,613.0903456115723,11.310345611572302,11.310345611572302,1.8794818059045335
2025-02-05,604.22,617.0228231048584,12.802823104858362,12.802823104858362,2.1189009143785973
2025-02-06,606.32,605.7419567775726,-0.5780432224274819,0.5780432224274819,-0.09533632775225653
2025-02-07,600.77,609.7307690620422,8.960769062042232,8.960769062042232,1.4915473578977367
2025-02-10,604.85,612.9174778795242,8.067477879524176,8.067477879524176,1.3337981118499094
2025-02-11,605.31,610.6506347203255,5.340634720325511,5.340634720325511,0.8822974542507991
2025-02-12,603.36,608.425796804428,5.065796804428032,5.065796804428032,0.8395977201717105
2025-02-13,609.73,607.5559791994094,-2.174020800590597,2.174020800590597,-0.3565546718368125
2025-02-14,609.7,612.441020412445,2.741020412444982,2.741020412444982,0.4495687079621095
2025-02-18,611.49,612.0694355678559,0.5794355678558532,0.5794355678558532,0.09475797933831348
2025-02-19,612.93,616.4591942214965,3.5291942214965957,3.5291942214965957,0.575790746332631
2025-02-20,610.38,617.4875500106812,7.107550010681166,7.107550010681166,1.1644467398474994
2025-02-21,599.94,618.4176711297035,18.47767112970348,18.47767112970348,3.0799198469352733
2025-02-24,597.21,619.6241277456284,22.41412774562832,22.41412774562832,3.753140058878505
2025-02-25,594.24,615.5880420017243,21.348042001724252,21.348042001724252,3.5924949518248943
2025-02-26,594.54,613.6323396873474,19.092339687347476,19.092339687347476,3.211279255785562
2025-02-27,585.05,617.1231650614739,32.0731650614739,32.0731650614739,5.48212376061429
2025-02-28,594.18,607.756768476963,13.576768476963025,13.576768476963025,2.2849588469761732
2025-03-03,583.77,610.4069270420074,26.636927042007414,26.636927042007414,4.562914682496089
2025-03-04,576.86,609.6446864104271,32.78468641042707,32.78468641042707,5.683300351979175
2025-03-05,583.06,610.3760201740265,27.316020174026562,27.316020174026562,4.684941545300066
2025-03-06,572.71,605.8840230059624,33.17402300596234,33.17402300596234,5.792464424571308
2025-03-07,575.92,605.1628744602203,29.242874460220378,29.242874460220378,5.077593148392204
2025-03-10,560.58,607.8297508311272,47.24975083112713,47.24975083112713,8.428725753884748
2025-03-11,555.92,598.3899855566025,42.46998555660252,42.46998555660252,7.639585831882739
2025-03-12,558.87,600.4691748571396,41.59917485713959,41.59917485713959,7.443443888049026
2025-03-13,551.42,596.8563024759293,45.436302475929324,45.436302475929324,8.239872053231533
2025-03-14,562.81,597.8352423977851,35.02524239778518,35.02524239778518,6.2232800408281985
2025-03-17,567.15,585.5007679653168,18.350767965316777,18.350767965316777,3.235611031529009
2025-03-18,561.02,587.0669735002517,26.046973500251738,26.046973500251738,4.642788759803882
2025-03-19,567.13,590.3689508867263,23.238950886726343,23.238950886726343,4.0976409089144195
2025-03-20,565.49,587.3366359233856,21.846635923385634,21.846635923385634,3.86331074349425
2025-03-21,563.98,592.7735052156448,28.793505215644814,28.793505215644814,5.105412464208804
2025-03-24,574.08,594.242283873558,20.162283873557953,20.162283873557953,3.512103517551204
2025-03-25,575.46,588.9600542855262,13.500054285526176,13.500054285526176,2.345958760908869
2025-03-26,568.59,591.9130299139023,23.323029913902246,23.323029913902246,4.1019064552493445
2025-03-27,567.08,598.2829705262184,31.202970526218337,31.202970526218337,5.502393053223238
2025-03-28,555.66,589.4426228833198,33.782622883319846,33.782622883319846,6.079729129921147
2025-03-31,559.39,593.611292066574,34.22129206657405,34.22129206657405,6.117608835798647
2025-04-01,560.97,588.6406950235366,27.67069502353661,27.67069502353661,4.932651482884398
2025-04-02,564.52,589.3261953067779,24.80619530677791,24.80619530677791,4.394210179759426
2025-04-03,536.7,597.6705579614639,60.970557961463896,60.970557961463896,11.360267926488522
2025-04-04,505.28,595.0712552428246,89.7912552428246,89.7912552428246,17.77059358035636
2025-04-07,504.38,590.2307831382751,85.85078313827512,85.85078313827512,17.021052210292858
2025-04-08,496.48,575.2088511705398,78.72885117053977,78.72885117053977,15.857406374987868
2025-04-09,548.62,577.0420498991012,28.42204989910124,28.42204989910124,5.180644143323473
2025-04-10,524.58,567.3990017247199,42.8190017247199,42.8190017247199,8.162530352800315
2025-04-11,533.94,558.7862058973312,24.846205897331174,24.846205897331174,4.653370396923095
2025-04-14,539.12,562.6891813802719,23.569181380271857,23.569181380271857,4.371787613197777
2025-04-15,537.61,551.3866100025177,13.776610002517714,13.776610002517714,2.562565800955658
2025-04-16,525.66,561.4357322764397,35.775732276439726,35.775732276439726,6.80586924560357
2025-04-17,526.41,550.979903717041,24.56990371704103,24.56990371704103,4.667446233362024
2025-04-21,513.88,553.3377114081383,39.457711408138266,39.457711408138266,7.67839017049472
2025-04-22,527.25,559.6150016593933,32.36500165939333,32.36500165939333,6.138454558443495
2025-04-23,535.42,555.4654736614227,20.04547366142276,20.04547366142276,3.7438783873263533
2025-04-24,546.69,558.0955427622795,11.405542762279424,11.405542762279424,2.086290724593357
2025-04-25,550.64,551.3917377328872,0.7517377328872499,0.7517377328872499,0.136520727314988
2025-04-28,550.85,554.970436952114,4.120436952114005,4.120436952114005,0.7480143327791604
2025-04-29,554.32,567.4907740497589,13.170774049758847,13.170774049758847,2.3760236054551247
2025-04-30,554.54,570.3249338436126,15.784933843612635,15.784933843612635,2.8464914782725566
2025-05-01,558.47,562.4399596357346,3.96995963573454,3.96995963573454,0.7108635442789298
2025-05-02,566.76,564.5020799160003,-2.257920083999693,2.257920083999693,-0.39839086809226
2025-05-05,563.51,557.3905500793456,-6.119449920654347,6.119449920654347,-1.0859523203943757
2025-05-06,558.8,571.280342400074,12.48034240007405,12.48034240007405,2.2334184681592792
2025-05-07,561.15,569.9929659843444,8.84296598434446,8.84296598434446,1.575864917463149
2025-05-08,565.06,576.2443014907836,11.184301490783696,11.184301490783696,1.979312195303808
2025-05-09,564.34,572.300760743618,7.960760743617925,7.960760743617925,1.4106320203455232
2025-05-12,582.99,582.1552399921417,-0.8347600078583355,0.8347600078583355,-0.1431859908160235
2025-05-13,586.84,586.2700328850746,-0.5699671149254755,0.5699671149254755,-0.09712478953811524
2025-05-14,587.59,577.5788108801842,-10.011189119815867,10.011189119815867,-1.7037711873612325
2025-05-15,590.46,578.2758661174774,-12.184133882522588,12.184133882522588,-2.0634986082922784
2025-05-16,594.2,572.8981062102317,-21.301893789768314,21.301893789768314,-3.5849703449626915
2025-05-19,594.85,576.3009172534943,-18.549082746505746,18.549082746505746,-3.1182790193335705
2025-05-20,592.85,563.4005661654472,-29.449433834552792,29.449433834552792,-4.967434230336981
2025-05-21,582.86,592.7103217434883,9.85032174348828,9.85032174348828,1.6899978971774148
2025-05-22,583.09,590.4274983286857,7.337498328685683,7.337498328685683,1.2583817813177525
2025-05-23,579.11,578.4193020820618,-0.6906979179382233,0.6906979179382233,-0.11926886393573298
2025-05-27,591.15,588.6877577543258,-2.4622422456741333,2.4622422456741333,-0.4165173383530633
2025-05-28,587.73,570.2521622180939,-17.477837781906146,17.477837781906146,-2.9737869058761923
2025-05-29,590.05,592.0854059457779,2.0354059457779385,2.0354059457779385,0.3449548251466721
2025-05-30,589.39,590.8610022735595,1.4710022735595203,1.4710022735595203,0.24958046006201673
